[
  {
    "_id": 1,
    "index": 0,
    "guid": "9b64f335-d032-47ca-bd74-f2dabc055913",
    "isActive": false,
    "balance": "$3,172.79",
    "picture": "http:\/\/placehold.it\/32x32",
    "age": 38,
    "eyeColor": "green",
    "name": "Grant Mccoy",
    "gender": "male",
    "company": "QUONK",
    "email": "grantmccoy@quonk.com",
    "phone": "+1 (971) 472-2237",
    "address": "672 Vermont Street, Stollings, California, 7945",
    "about": "Tempor Lorem officia do excepteur nisi dolor qui nisi labore. In magna amet et cillum laboris aliquip duis anim irure laboris ad proident do. Esse occaecat dolore esse et laborum voluptate ipsum exercitation minim enim veniam pariatur in. Adipisicing minim quis duis deserunt eiusmod non.\r\n",
    "registered": "2018-12-06T02:47:45 +06:00",
    "latitude": 26.461166,
    "longitude": -76.019285,
    "tags": [
      "consectetur",
      "ad",
      "eiusmod",
      "sit",
      "sint",
      "voluptate",
      "magna"
    ],
    "friends": [
      {
        "id": 0,
        "name": "Sofia Walls"
      },
      {
        "id": 1,
        "name": "Irwin Potts"
      },
      {
        "id": 2,
        "name": "Briana Stanley"
      }
    ],
    "greeting": "Hello, Grant Mccoy! You have 9 unread messages.",
    "favoriteFruit": "banana"
  },
  {
    "_id": 2,
    "index": 1,
    "guid": "5360be09-48cf-4776-b5ec-32ee49a2fef4",
    "isActive": true,
    "balance": "$1,936.98",
    "picture": "http:\/\/placehold.it\/32x32",
    "age": 35,
    "eyeColor": "brown",
    "name": "Cochran Duke",
    "gender": "male",
    "company": "CODACT",
    "email": "cochranduke@codact.com",
    "phone": "+1 (881) 532-2431",
    "address": "193 Everit Street, Tuskahoma, Oklahoma, 4542",
    "about": "Labore voluptate sit aliqua ea et et exercitation ullamco enim adipisicing. Duis anim qui ut deserunt aute aliquip dolor laborum ex. Duis magna ipsum adipisicing id ex nisi sint. Veniam irure consectetur eiusmod adipisicing laborum sunt.\r\n",
    "registered": "2014-02-03T11:26:22 +06:00",
    "latitude": 45.203873,
    "longitude": -9.130724,
    "tags": [
      "est",
      "proident",
      "dolore",
      "mollit",
      "nostrud",
      "officia",
      "duis"
    ],
    "friends": [
      {
        "id": 0,
        "name": "Roman Warner"
      },
      {
        "id": 1,
        "name": "Roy Harper"
      },
      {
        "id": 2,
        "name": "Tucker Hammond"
      }
    ],
    "greeting": "Hello, Cochran Duke! You have 6 unread messages.",
    "favoriteFruit": "banana"
  },
  {
    "_id": 3,
    "index": 2,
    "guid": "044822f9-dd1f-454c-a445-1549d40c4237",
    "isActive": true,
    "balance": "$2,962.62",
    "picture": "http:\/\/placehold.it\/32x32",
    "age": 31,
    "eyeColor": "blue",
    "name": "Gilda Wiggins",
    "gender": "female",
    "company": "VELOS",
    "email": "gildawiggins@velos.com",
    "phone": "+1 (880) 530-2696",
    "address": "414 Hornell Loop, Harborton, Louisiana, 5658",
    "about": "Qui voluptate aliqua enim adipisicing Lorem duis aute sint minim. Labore esse aliquip occaecat dolore amet ipsum consequat mollit fugiat in id voluptate. Minim qui eu consectetur minim enim et culpa ea pariatur magna incididunt veniam ipsum proident. Ut quis tempor ea esse ipsum non quis nostrud anim irure. Sunt veniam officia magna sint officia in cillum ipsum cillum irure mollit. Deserunt exercitation cupidatat velit adipisicing dolore deserunt. Cupidatat dolore sunt commodo pariatur.\r\n",
    "registered": "2021-09-23T01:16:31 +06:00",
    "latitude": 65.852972,
    "longitude": 32.10324,
    "tags": [
      "occaecat",
      "aute",
      "incididunt",
      "est",
      "consectetur",
      "aute",
      "ipsum"
    ],
    "friends": [
      {
        "id": 0,
        "name": "Burt Mckinney"
      },
      {
        "id": 1,
        "name": "Arlene Chaney"
      },
      {
        "id": 2,
        "name": "Denise Fuentes"
      }
    ],
    "greeting": "Hello, Gilda Wiggins! You have 1 unread messages.",
    "favoriteFruit": "apple"
  },
  {
    "_id": 4,
    "index": 3,
    "guid": "916d87d2-1368-488d-9b28-ca8cb3ca1537",
    "isActive": true,
    "balance": "$3,526.16",
    "picture": "http:\/\/placehold.it\/32x32",
    "age": 31,
    "eyeColor": "green",
    "name": "Booker Petersen",
    "gender": "male",
    "company": "ROOFORIA",
    "email": "bookerpetersen@rooforia.com",
    "phone": "+1 (910) 492-2732",
    "address": "960 Howard Place, Independence, American Samoa, 3527",
    "about": "Est dolore id et tempor commodo exercitation laborum. Esse nisi reprehenderit id voluptate est consequat. Ad adipisicing consequat veniam reprehenderit sunt anim aute commodo duis.\r\n",
    "registered": "2019-01-19T11:05:58 +06:00",
    "latitude": -19.377104,
    "longitude": 5.567332,
    "tags": [
      "ea",
      "sint",
      "in",
      "anim",
      "laborum",
      "est",
      "aute"
    ],
    "friends": [
      {
        "id": 0,
        "name": "Isabella Owens"
      },
      {
        "id": 1,
        "name": "Kasey Graham"
      },
      {
        "id": 2,
        "name": "Corine Gillespie"
      }
    ],
    "greeting": "Hello, Booker Petersen! You have 8 unread messages.",
    "favoriteFruit": "apple"
  },
  {
    "_id": 5,
    "index": 4,
    "guid": "0344125e-64d7-4e8c-9b22-47291e951b27",
    "isActive": true,
    "balance": "$2,053.72",
    "picture": "http:\/\/placehold.it\/32x32",
    "age": 20,
    "eyeColor": "brown",
    "name": "Emerson Newton",
    "gender": "male",
    "company": "TELEPARK",
    "email": "emersonnewton@telepark.com",
    "phone": "+1 (928) 533-2750",
    "address": "532 Powers Street, Swartzville, Alabama, 1955",
    "about": "Commodo ad veniam elit consectetur cupidatat. Aute qui tempor est incididunt nisi elit Lorem incididunt cupidatat excepteur deserunt nisi. Duis exercitation fugiat tempor quis occaecat.\r\n",
    "registered": "2014-03-06T07:34:13 +06:00",
    "latitude": 88.664823,
    "longitude": 156.354035,
    "tags": [
      "sit",
      "labore",
      "ad",
      "amet",
      "cupidatat",
      "officia",
      "ex"
    ],
    "friends": [
      {
        "id": 0,
        "name": "Summer Leach"
      },
      {
        "id": 1,
        "name": "Elliott Herring"
      },
      {
        "id": 2,
        "name": "Selena Roberson"
      }
    ],
    "greeting": "Hello, Emerson Newton! You have 8 unread messages.",
    "favoriteFruit": "apple"
  },
  {
    "_id": 6,
    "index": 5,
    "guid": "1df30560-c501-413e-9ab1-aa4bebe086a7",
    "isActive": false,
    "balance": "$2,968.00",
    "picture": "http:\/\/placehold.it\/32x32",
    "age": 28,
    "eyeColor": "green",
    "name": "Elvira Olson",
    "gender": "female",
    "company": "ZOSIS",
    "email": "elviraolson@zosis.com",
    "phone": "+1 (818) 482-3283",
    "address": "841 Irving Place, Northchase, Nebraska, 7018",
    "about": "Laborum ad quis labore pariatur aliqua duis cillum officia cupidatat esse aliqua consectetur. Adipisicing aliqua cillum id Lorem non reprehenderit qui laborum deserunt aliquip adipisicing adipisicing. Velit tempor dolor sint tempor ipsum. Do nostrud pariatur ut officia est laboris ex aliquip voluptate veniam. Consectetur nisi minim ipsum nisi nulla velit proident incididunt magna nulla Lorem quis exercitation est. Et velit nisi veniam exercitation ut nostrud irure.\r\n",
    "registered": "2014-04-26T01:46:57 +06:00",
    "latitude": 29.95721,
    "longitude": -22.971949,
    "tags": [
      "aliqua",
      "enim",
      "voluptate",
      "aliqua",
      "reprehenderit",
      "sint",
      "ut"
    ],
    "friends": [
      {
        "id": 0,
        "name": "Howard Berger"
      },
      {
        "id": 1,
        "name": "Caroline Morgan"
      },
      {
        "id": 2,
        "name": "Nichole Bailey"
      }
    ],
    "greeting": "Hello, Elvira Olson! You have 6 unread messages.",
    "favoriteFruit": "strawberry"
  },
  {
    "_id": 7,
    "index": 6,
    "guid": "1168e931-fd4c-4f09-b19f-747fe9a7548d",
    "isActive": false,
    "balance": "$1,834.80",
    "picture": "http:\/\/placehold.it\/32x32",
    "age": 31,
    "eyeColor": "brown",
    "name": "Claudette Aguilar",
    "gender": "female",
    "company": "ECOSYS",
    "email": "claudetteaguilar@ecosys.com",
    "phone": "+1 (991) 517-2544",
    "address": "590 Lawrence Avenue, Dennard, Massachusetts, 2353",
    "about": "Consequat duis magna ex duis fugiat et consequat laborum veniam non consectetur. Magna cupidatat nisi est id laboris adipisicing. Reprehenderit cillum pariatur ipsum laboris tempor. Officia sunt adipisicing exercitation sunt ad in pariatur laborum consequat. Officia est veniam veniam quis sunt culpa. Anim ea adipisicing consectetur aute veniam occaecat ex incididunt voluptate.\r\n",
    "registered": "2016-10-20T04:56:16 +06:00",
    "latitude": -2.963007,
    "longitude": -23.188435,
    "tags": [
      "reprehenderit",
      "voluptate",
      "veniam",
      "deserunt",
      "labore",
      "fugiat",
      "eiusmod"
    ],
    "friends": [
      {
        "id": 0,
        "name": "Jeanne Cook"
      },
      {
        "id": 1,
        "name": "Madeline Boyd"
      },
      {
        "id": 2,
        "name": "Estelle Solis"
      }
    ],
    "greeting": "Hello, Claudette Aguilar! You have 5 unread messages.",
    "favoriteFruit": "apple"
  },
  {
    "id": "8",
    "edad": "20",
    "nombre": "Danys",
    "genero": "masculino",
    "email": "guevarad170@gmail.com",
    "telefono": "12345678",
    "direccion": "San francisco gotera"
  },
  {
    "id": "9",
    "edad": "21",
    "nombre": "Json",
    "genero": "masculino",
    "email": "sample@ues.edu.sv",
    "telefono": "123",
    "direccion": "San francisco gotera"
  }
]